{
  "0.01": {
    "coverage": 0.04365,
    "avg_set_size": 1.09455,
    "count": 20000
  },
  "0.1": {
    "coverage": 0.04435,
    "avg_set_size": 1.09915,
    "count": 20000
  },
  "1.0": {
    "coverage": 0.0475,
    "avg_set_size": 1.2516,
    "count": 20000
  },
  "10.0": {
    "coverage": 0.99995,
    "avg_set_size": 49.939,
    "count": 20000
  }
}