{
  "0.01": {
    "coverage": 0.0413,
    "avg_set_size": 1.1407,
    "count": 20000
  },
  "0.1": {
    "coverage": 0.04205,
    "avg_set_size": 1.1772,
    "count": 20000
  },
  "1.0": {
    "coverage": 0.04425,
    "avg_set_size": 1.1845,
    "count": 20000
  },
  "10.0": {
    "coverage": 0.05865,
    "avg_set_size": 1.2367,
    "count": 20000
  }
}