{
  "0.01": {
    "coverage": 0.025249895876718033,
    "avg_set_size": 1.2603082049146188,
    "count": 19208
  },
  "0.1": {
    "coverage": 0.02577051228654727,
    "avg_set_size": 1.241826322365681,
    "count": 19208
  },
  "1.0": {
    "coverage": 0.02519783423573511,
    "avg_set_size": 1.2891503540191587,
    "count": 19208
  },
  "10.0": {
    "coverage": 0.04846938775510204,
    "avg_set_size": 2.408423573511037,
    "count": 19208
  }
}