{
  "cold": {
    "coverage": 0.059907834101382486,
    "avg_set_size": 1.56660083388194,
    "count": 4557
  },
  "warm": {
    "coverage": 0.05817084994075191,
    "avg_set_size": 1.4662285898955079,
    "count": 9283
  },
  "active": {
    "coverage": 0.037987012987012986,
    "avg_set_size": 1.3086038961038962,
    "count": 6160
  }
}