{
  "cold": {
    "coverage": 0.8395061728395061,
    "avg_set_size": 22.88888888888889,
    "count": 81
  },
  "warm": {
    "coverage": 0.07321428571428572,
    "avg_set_size": 2.1172619047619046,
    "count": 1680
  },
  "active": {
    "coverage": 0.04199791655244257,
    "avg_set_size": 1.1461702944240364,
    "count": 18239
  }
}