{
  "cold": {
    "coverage": 0.025822573927530196,
    "avg_set_size": 1.2854539775093712,
    "count": 19208
  }
}