{
  "total_negative_pairs_checked": 250000,
  "high_jaccard_negative_count": 238604,
  "conflict_rate": 0.954416,
  "negative_stats": {
    "mean_jaccard": 0.30266471014738483,
    "mean_nonconf": 0.9586649695730406,
    "count": 238604
  },
  "positive_stats": {
    "mean_jaccard": 0.31430304213584864,
    "mean_nonconf": 0.6635439248093001,
    "count": 11012
  }
}