{
  "total_negative_pairs_checked": 250000,
  "high_jaccard_negative_count": 560,
  "conflict_rate": 0.00224,
  "negative_stats": {
    "mean_jaccard": 0.12466910714285699,
    "mean_nonconf": 2.1928749999999995,
    "count": 560
  },
  "positive_stats": {
    "mean_jaccard": 0.0698784407530464,
    "mean_nonconf": 1.4981508039867217,
    "count": 22575
  }
}