{
  "total_negative_pairs_checked": 250000,
  "high_jaccard_negative_count": 1896,
  "conflict_rate": 0.007584,
  "negative_stats": {
    "mean_jaccard": 0.1273445147679314,
    "mean_nonconf": 2.0212393459915585,
    "count": 1896
  },
  "positive_stats": {
    "mean_jaccard": 0.03353194386258893,
    "mean_nonconf": 1.8946930875576036,
    "count": 4774
  }
}