{
  "dataset": "ml-1m",
  "seed": 44,
  "method": "kg_race",
  "alpha": 0.1,
  "coverage": 0.9021405504843982,
  "avg_set_size": 11.963247717979224,
  "median_set_size": 12.0,
  "cumulative_regret": 17832.50000000917,
  "avg_uncertainty": 0.21844165097624163,
  "n_test": 100021
}