{
  "dataset": "last-fm",
  "seed": 42,
  "method": "kg_race",
  "alpha": 0.1,
  "coverage": 0.9675540147341051,
  "avg_set_size": 8.635689964712437,
  "median_set_size": 8.0,
  "cumulative_regret": 40691.59999976459,
  "avg_uncertainty": 0.2320651929025044,
  "n_test": 323060
}