{
  "dataset": "amazon-book",
  "seed": 44,
  "method": "kg_race",
  "alpha": 0.1,
  "coverage": 0.9137636560248209,
  "avg_set_size": 12.722271068934502,
  "median_set_size": 12.0,
  "cumulative_regret": 16721.30000001849,
  "avg_uncertainty": 0.20901195512010548,
  "n_test": 98949
}