{
  "dataset": "ml-1m",
  "seed": 43,
  "method": "kg_race",
  "alpha": 0.1,
  "coverage": 0.9023205126923346,
  "avg_set_size": 12.116635506543625,
  "median_set_size": 12.0,
  "cumulative_regret": 17818.100000009337,
  "avg_uncertainty": 0.21441000230142795,
  "n_test": 100021
}