{
  "dataset": "amazon-book",
  "seed": 42,
  "method": "kg_race",
  "alpha": 0.1,
  "coverage": 0.9151583138788669,
  "avg_set_size": 10.574356486674954,
  "median_set_size": 10.0,
  "cumulative_regret": 16610.900000019574,
  "avg_uncertainty": 0.21468917650573907,
  "n_test": 98949
}