{
  "dataset": "last-fm",
  "seed": 44,
  "method": "kg_race",
  "alpha": 0.1,
  "coverage": 0.9672970965145793,
  "avg_set_size": 8.69172289977094,
  "median_set_size": 8.0,
  "cumulative_regret": 40757.99999976569,
  "avg_uncertainty": 0.24662726517963438,
  "n_test": 323060
}