{
  "dataset": "ml-1m",
  "seed": 42,
  "method": "kg_race",
  "alpha": 0.1,
  "coverage": 0.9028603993161436,
  "avg_set_size": 12.59926415452755,
  "median_set_size": 12.0,
  "cumulative_regret": 17774.90000000966,
  "avg_uncertainty": 0.2065127357070161,
  "n_test": 100021
}