{
  "dataset": "last-fm",
  "seed": 43,
  "method": "kg_race",
  "alpha": 0.1,
  "coverage": 0.9672042345075218,
  "avg_set_size": 8.643666811118678,
  "median_set_size": 8.0,
  "cumulative_regret": 40781.999999764965,
  "avg_uncertainty": 0.23156363250673764,
  "n_test": 323060
}