{
  "dataset": "amazon-book",
  "seed": 43,
  "method": "kg_race",
  "alpha": 0.1,
  "coverage": 0.9069015351342611,
  "avg_set_size": 47.85491515831388,
  "median_set_size": 49.0,
  "cumulative_regret": 17264.500000013464,
  "avg_uncertainty": 0.30725070467402704,
  "n_test": 98949
}