{
  "dataset": "ml-1m",
  "seed": 42,
  "method": "monotone",
  "alpha": 0.1,
  "coverage": 0.9029303846192299,
  "avg_set_size": 12.591905699803041,
  "median_set_size": 12.0,
  "cumulative_regret": 17769.300000009738,
  "avg_uncertainty": 0.2065163316794119,
  "n_test": 100021
}