{
  "dataset": "last-fm",
  "seed": 43,
  "method": "monotone",
  "alpha": 0.1,
  "coverage": 0.9672166161084629,
  "avg_set_size": 8.638463443323221,
  "median_set_size": 8.0,
  "cumulative_regret": 40778.799999764975,
  "avg_uncertainty": 0.2316010852372182,
  "n_test": 323060
}