{
  "dataset": "last-fm",
  "seed": 44,
  "method": "monotone",
  "alpha": 0.1,
  "coverage": 0.9673125735157556,
  "avg_set_size": 8.699105429332013,
  "median_set_size": 8.0,
  "cumulative_regret": 40753.99999976569,
  "avg_uncertainty": 0.24663339976007073,
  "n_test": 323060
}