{
  "dataset": "ml-1m",
  "seed": 43,
  "method": "monotone",
  "alpha": 0.1,
  "coverage": 0.9023105147918937,
  "avg_set_size": 12.122894192219634,
  "median_set_size": 12.0,
  "cumulative_regret": 17818.900000009347,
  "avg_uncertainty": 0.21437833039915483,
  "n_test": 100021
}