{
  "dataset": "ml-1m",
  "seed": 44,
  "method": "monotone",
  "alpha": 0.1,
  "coverage": 0.9021805420861619,
  "avg_set_size": 11.950560382319713,
  "median_set_size": 12.0,
  "cumulative_regret": 17829.30000000918,
  "avg_uncertainty": 0.21844437523852908,
  "n_test": 100021
}