{
  "dataset": "last-fm",
  "seed": 42,
  "method": "monotone",
  "alpha": 0.1,
  "coverage": 0.9675602055345757,
  "avg_set_size": 8.641215254132359,
  "median_set_size": 8.0,
  "cumulative_regret": 40689.99999976464,
  "avg_uncertainty": 0.2321033922511786,
  "n_test": 323060
}