{
  "dataset": "amazon-book",
  "seed": 42,
  "method": "monotone",
  "alpha": 0.1,
  "coverage": 0.9151482076625332,
  "avg_set_size": 10.56513961737865,
  "median_set_size": 10.0,
  "cumulative_regret": 16611.700000019595,
  "avg_uncertainty": 0.21471056237341385,
  "n_test": 98949
}