{
  "dataset": "amazon-book",
  "seed": 44,
  "method": "monotone",
  "alpha": 0.1,
  "coverage": 0.9138141871064892,
  "avg_set_size": 12.71838017564604,
  "median_set_size": 12.0,
  "cumulative_regret": 16717.30000001854,
  "avg_uncertainty": 0.20893087995291904,
  "n_test": 98949
}