{
  "dataset": "ml-1m",
  "seed": 44,
  "method": "no_kgup",
  "alpha": 0.1,
  "coverage": 0.9203967166894952,
  "avg_set_size": 13.260475300186961,
  "median_set_size": 13.0,
  "cumulative_regret": 16371.700000021609,
  "avg_uncertainty": 0.0,
  "n_test": 100021
}