{
  "dataset": "last-fm",
  "seed": 42,
  "method": "no_kgup",
  "alpha": 0.1,
  "coverage": 0.9718628118615737,
  "avg_set_size": 9.102748715408902,
  "median_set_size": 9.0,
  "cumulative_regret": 39577.9999997693,
  "avg_uncertainty": 0.0,
  "n_test": 323060
}