{
  "dataset": "ml-1m",
  "seed": 42,
  "method": "no_kgup",
  "alpha": 0.1,
  "coverage": 0.911888503414283,
  "avg_set_size": 13.396706691594765,
  "median_set_size": 13.0,
  "cumulative_regret": 17052.50000001565,
  "avg_uncertainty": 0.0,
  "n_test": 100021
}