{
  "dataset": "ml-1m",
  "seed": 43,
  "method": "no_kgup",
  "alpha": 0.1,
  "coverage": 0.9193469371431999,
  "avg_set_size": 13.266973935473551,
  "median_set_size": 13.0,
  "cumulative_regret": 16455.700000020883,
  "avg_uncertainty": 0.0,
  "n_test": 100021
}