{
  "dataset": "last-fm",
  "seed": 43,
  "method": "no_kgup",
  "alpha": 0.1,
  "coverage": 0.9715656534389897,
  "avg_set_size": 9.109289296105986,
  "median_set_size": 9.0,
  "cumulative_regret": 39654.799999769224,
  "avg_uncertainty": 0.0,
  "n_test": 323060
}