{
  "dataset": "amazon-book",
  "seed": 44,
  "method": "no_kgup",
  "alpha": 0.1,
  "coverage": 0.9117727314070885,
  "avg_set_size": 12.784727485876562,
  "median_set_size": 12.0,
  "cumulative_regret": 16878.90000001697,
  "avg_uncertainty": 0.0,
  "n_test": 98949
}