{
  "dataset": "amazon-book",
  "seed": 42,
  "method": "no_kgup",
  "alpha": 0.1,
  "coverage": 0.9280538459206258,
  "avg_set_size": 12.56558429089733,
  "median_set_size": 12.0,
  "cumulative_regret": 15590.100000021745,
  "avg_uncertainty": 0.0,
  "n_test": 98949
}