{
  "dataset": "last-fm",
  "seed": 44,
  "method": "no_kgup",
  "alpha": 0.1,
  "coverage": 0.9717389958521637,
  "avg_set_size": 9.175137745310469,
  "median_set_size": 9.0,
  "cumulative_regret": 39609.9999997696,
  "avg_uncertainty": 0.0,
  "n_test": 323060
}