{
  "dataset": "ml-1m",
  "seed": 44,
  "method": "no_okac",
  "alpha": 0.1,
  "coverage": 0.9034402775417162,
  "avg_set_size": 11.997590505993742,
  "median_set_size": 12.0,
  "cumulative_regret": 17728.500000009997,
  "avg_uncertainty": 0.0,
  "n_test": 100021
}