{
  "dataset": "amazon-book",
  "seed": 44,
  "method": "no_okac",
  "alpha": 0.1,
  "coverage": 0.9131370706121336,
  "avg_set_size": 12.762635296971167,
  "median_set_size": 12.0,
  "cumulative_regret": 16770.90000001794,
  "avg_uncertainty": 0.0,
  "n_test": 98949
}