{
  "dataset": "last-fm",
  "seed": 42,
  "method": "no_okac",
  "alpha": 0.1,
  "coverage": 0.900668606450814,
  "avg_set_size": 4.925301801522937,
  "median_set_size": 5.0,
  "cumulative_regret": 57977.99999999999,
  "avg_uncertainty": 0.0,
  "n_test": 323060
}