{
  "dataset": "last-fm",
  "seed": 43,
  "method": "no_okac",
  "alpha": 0.1,
  "coverage": 0.901767473534328,
  "avg_set_size": 4.935581625704203,
  "median_set_size": 5.0,
  "cumulative_regret": 57693.99999999999,
  "avg_uncertainty": 0.0,
  "n_test": 323060
}