{
  "dataset": "ml-1m",
  "seed": 42,
  "method": "no_okac",
  "alpha": 0.1,
  "coverage": 0.9017206386658801,
  "avg_set_size": 12.540266544025755,
  "median_set_size": 12.0,
  "cumulative_regret": 17866.100000009126,
  "avg_uncertainty": 0.0,
  "n_test": 100021
}