{
  "dataset": "amazon-book",
  "seed": 42,
  "method": "no_okac",
  "alpha": 0.1,
  "coverage": 0.9187864455426533,
  "avg_set_size": 10.93809942495629,
  "median_set_size": 11.0,
  "cumulative_regret": 16323.700000022009,
  "avg_uncertainty": 0.0,
  "n_test": 98949
}