{
  "dataset": "ml-1m",
  "seed": 43,
  "method": "no_okac",
  "alpha": 0.1,
  "coverage": 0.9016606512632347,
  "avg_set_size": 12.057217984223312,
  "median_set_size": 12.0,
  "cumulative_regret": 17870.900000009104,
  "avg_uncertainty": 0.0,
  "n_test": 100021
}