{
  "dataset": "last-fm",
  "seed": 44,
  "method": "no_okac",
  "alpha": 0.1,
  "coverage": 0.9010121958769269,
  "avg_set_size": 4.977056893456324,
  "median_set_size": 5.0,
  "cumulative_regret": 57889.19999974368,
  "avg_uncertainty": 0.0,
  "n_test": 323060
}