{
  "drop_0": {
    "coverage": 0.04785,
    "avg_set_size": 1.17935,
    "count": 20000,
    "kg_entities": 113487
  },
  "drop_10": {
    "coverage": 0.0479,
    "avg_set_size": 1.17935,
    "count": 20000,
    "kg_entities": 113487
  },
  "drop_30": {
    "coverage": 0.04785,
    "avg_set_size": 1.17715,
    "count": 20000,
    "kg_entities": 113487
  },
  "drop_50": {
    "coverage": 0.04675,
    "avg_set_size": 1.13675,
    "count": 20000,
    "kg_entities": 113487
  }
}