{
  "drop_0": {
    "coverage": 0.04145,
    "avg_set_size": 1.15625,
    "count": 20000,
    "kg_entities": 106389
  },
  "drop_10": {
    "coverage": 0.0415,
    "avg_set_size": 1.15625,
    "count": 20000,
    "kg_entities": 106388
  },
  "drop_30": {
    "coverage": 0.04145,
    "avg_set_size": 1.1558,
    "count": 20000,
    "kg_entities": 106286
  },
  "drop_50": {
    "coverage": 0.0414,
    "avg_set_size": 1.15525,
    "count": 20000,
    "kg_entities": 104981
  }
}