{
  "drop_0": {
    "coverage": 0.02618700541441066,
    "avg_set_size": 1.276655560183257,
    "count": 19208,
    "kg_entities": 102569
  },
  "drop_10": {
    "coverage": 0.02603082049146189,
    "avg_set_size": 1.2728550603915036,
    "count": 19208,
    "kg_entities": 102149
  },
  "drop_30": {
    "coverage": 0.02613494377342774,
    "avg_set_size": 1.2732715535193668,
    "count": 19208,
    "kg_entities": 98836
  },
  "drop_50": {
    "coverage": 0.025978758850478966,
    "avg_set_size": 1.2681695127030403,
    "count": 19208,
    "kg_entities": 90770
  }
}